{
  "culturalObjects": [
    {
      "name": "Medieval King's Sword",
      "description": "A medieval sword from a Kings collection. Solid gold handle engraved with a regal pattern. During the Middle Ages sword technology improved, and the sword became a very advanced weapon. The sword was often used as a symbol of the word of God. The names given to many swords in mythology, literature, and history reflected the high prestige of the weapon and the wealth of the owner.",
      "object": "Medieval King's Sword",
      "materials": "Steel, Oak, Gold",
      "cultureGroup": "European",
      "dimensions": "30cm x 135cm",
      "productionDate": "1050AD - 1150AD",
      "associatedPlaces": "Byzantine Empire",
      "associatedPeople": "Richard the Lionheart",
      "museum": "British Museum",
      "accessionNumber": "BM:Af.7398.a",
      "imageUrl": "images/sword1.png",
      "x3domUrl": "vrml/sword.x3d"
    },
    {
      "name": "Medieval Barbute Helmet",
      "description": "A visorless war helmet of 15th-century Italian design, often with distinctive Y shaped opening for the eyes and mouth. The name is first recorded in an inventory made for the Gonzaga family of Mantua in 1407. It can be considered as a specialised form of the sallet. The barbute resembles classical Greek helmets (most strikingly the Corinthian) and may have been influenced by a renewed interest in ancient artifacts which was common in this period.",
      "object": "Barbute Helmet",
      "materials": "Steel",
      "cultureGroup": "European",
      "dimensions": "40cm x 30cm",
      "productionDate": "12th Century",
      "associatedPlaces": "Italy, Europe, Great Selijuk Empire",
      "associatedPeople": "Paramount Chief Gbawara II",
      "museum": "British Museum",
      "accessionNumber": "BM.Hhf.aa.01.02",
      "imageUrl": "images/helmet1.png",
      "x3domUrl": "vrml/helmet1.x3d"
    },
    {
      "name": "Medieval Battle Axe",
      "description": "Battle axes were common in Europe in the Migration Period and the subsequent Viking Age, and continued to be employed throughout the rest of the Middle Ages; although they dipped in popularity during the 12th, 13th and 14th centuries, they did not disappear: King Robert I of Scotland used one to defeat Henry de Bohun in single combat at the start of the Battle of Bannockburn in 1314, and they enjoyed a sustained revival in use among heavily armored equestrian combatants in the 15th century.",
      "object": "Battle Axe",
      "materials": "Wood, Gold, Steel, Leather",
      "cultureGroup": "Unknown",
      "dimensions": "170cm x 40cm",
      "productionDate": "13th Century",
      "associatedPlaces": "Europe, Middle-East",
      "associatedPeople": "'Jimmy the Jackal'",
      "museum": "Museum of Italy",
      "accessionNumber": "NND.90.23.12.0",
      "imageUrl": "images/axe1.png",
      "x3domUrl": "vrml/battleaxe.x3d"
    },
    {
      "name": "Knight's Shield",
      "description": "A heavy metal shield used by the knights templar during the 11th century Crusades. The heater shield is a form of European medieval shield, developing from the early medieval kite shield in the late 12th century- as depicted in the great seal of Richard I and John.The term is a neologism, created by Victorian antiquarians due to the shape's resemblance to a clothes iron.",
      "object": "Shield",
      "materials": "Steel, Gold, Wood, Leather",
      "cultureGroup": "European",
      "dimensions": "70cm x 50cm",
      "productionDate": "11th - 12th Century",
      "associatedPlaces": "France, Italy, Jerusalem",
      "associatedPeople": "Saint Bernard of Clairvaux, Pope Innocent II",
      "museum": "British Museum",
      "accessionNumber": "BM.fjJ.3.22.31",
      "imageUrl": "images/shield1.png",
      "x3domUrl": "vrml/shield.x3d"
    },
    {
      "name": "Medieval Barbute Helmet",
      "description": "A visorless war helmet of 15th-century Italian design, often with distinctive Y shaped opening for the eyes and mouth. The name is first recorded in an inventory made for the Gonzaga family of Mantua in 1407. It can be considered as a specialised form of the sallet. The barbute resembles classical Greek helmets (most strikingly the Corinthian) and may have been influenced by a renewed interest in ancient artifacts which was common in this period.",
      "object": "Barbute Helmet",
      "materials": "Steel",
      "cultureGroup": "European",
      "dimensions": "40cm x 30cm",
      "productionDate": "12th Century",
      "associatedPlaces": "Italy, Europe, Great Selijuk Empire",
      "associatedPeople": "Paramount Chief Gbawara II",
      "museum": "British Museum",
      "accessionNumber": "BM.Hhf.aa.01.04",
      "imageUrl": "images/helmet2.png",
      "x3domUrl": "vrml/helmet2.x3d"
    },
    {
      "name": "Medieval Barbute Helmet",
      "description": "A visorless war helmet of 15th-century Italian design, often with distinctive Y shaped opening for the eyes and mouth. The name is first recorded in an inventory made for the Gonzaga family of Mantua in 1407. It can be considered as a specialised form of the sallet. The barbute resembles classical Greek helmets (most strikingly the Corinthian) and may have been influenced by a renewed interest in ancient artifacts which was common in this period.",
      "object": "Barbute Helmet",
      "materials": "Steel",
      "cultureGroup": "European",
      "dimensions": "40cm x 30cm",
      "productionDate": "12th Century",
      "associatedPlaces": "Italy, Europe, Great Selijuk Empire",
      "associatedPeople": "Paramount Chief Gbawara II",
      "museum": "British Museum",
      "accessionNumber": "BM.Hhg.aa.01.06",
      "imageUrl": "images/helmet3.png",
      "x3domUrl": "vrml/helmet3.x3d"
    },
    {
      "name": "Knight's Shield",
      "description": "A heavy metal shield used by the knights templar during the 11th century Crusades. The heater shield is a form of European medieval shield, developing from the early medieval kite shield in the late 12th century- as depicted in the great seal of Richard I and John.The term is a neologism, created by Victorian antiquarians due to the shape's resemblance to a clothes iron.",
      "object": "Shield",
      "materials": "Steel, Gold, Wood, Leather",
      "cultureGroup": "European",
      "dimensions": "70cm x 50cm",
      "productionDate": "11th - 12th Century",
      "associatedPlaces": "France, Italy, Jerusalem",
      "associatedPeople": "Saint Bernard of Clairvaux, Pope Innocent II",
      "museum": "British Museum",
      "accessionNumber": "BM.fjJ.3.23.11",
      "imageUrl": "images/shield2.png",
      "x3domUrl": "vrml/shield2.x3d"
    }
  ]
}